{
	"format_version": "1.8.0",
	"animations": {
		"animation.seagull.idle": {
			"loop": true
		},
		"animation.seagull.flying": {
			"loop": true,
			"animation_length": 1.25,
			"bones": {
				"seagull": {
					"rotation": {
						"vector": [25, 0, 0]
					},
					"position": {
						"vector": [0, 1, 0]
					}
				},
				"head": {
					"rotation": {
						"vector": [15, 0, 0]
					}
				},
				"tail": {
					"rotation": {
						"vector": [15, 0, 0]
					}
				},
				"left_wing": {
					"rotation": {
						"0.0": {
							"vector": [3.6243, 1.08176, -7.81277]
						},
						"0.0417": {
							"vector": [3.14092, 1.69257, -12.24593]
						},
						"0.0833": {
							"vector": [2.63601, 1.67613, -16.99105]
						},
						"0.25": {
							"vector": [0.89856, 12.68176, -30.16144]
						},
						"0.375": {
							"vector": [2.133, 14.04926, -30.85361]
						},
						"0.5": {
							"vector": [3.80489, 14.50124, -29.71461]
						},
						"0.625": {
							"vector": [-2.63502, 13.14645, -24.54737]
						},
						"0.9583": {
							"vector": [-3.41372, 5.18933, 0.2106]
						},
						"1.0": {
							"vector": [-1.65074, 4.28145, 0.21063]
						},
						"1.0833": {
							"vector": [-2.37002, 3.08268, -2.15702]
						},
						"1.25": {
							"vector": [3.62431, 1.08176, -7.81277]
						}
					}
				},
				"left_wing_three": {
					"rotation": {
						"0.0": {
							"vector": [3.6243, 0, 58.75]
						},
						"0.25": {
							"vector": [0, 0, 58.75]
						},
						"0.375": {
							"vector": [0, 0, 31.875]
						},
						"0.5": {
							"vector": [0, 0, 5]
						},
						"0.75": {
							"vector": [0, 0, -2.5]
						},
						"1.0": {
							"vector": [0, 0, 7.5]
						},
						"1.25": {
							"vector": [0, 0, 58.75]
						}
					}
				},
				"right_wing": {
					"rotation": {
						"0.0": {
							"vector": [-3.6243, 1.0818, 7.8128]
						},
						"0.0417": {
							"vector": [-3.1409, 1.6926, 12.2459]
						},
						"0.0833": {
							"vector": [-2.636, 1.6761, 16.9911]
						},
						"0.25": {
							"vector": [-0.8986, 12.6818, 30.1614]
						},
						"0.375": {
							"vector": [-2.133, 14.0493, 30.8536]
						},
						"0.5": {
							"vector": [-3.8049, 14.5012, 29.7146]
						},
						"0.625": {
							"vector": [2.635, 13.1464, 24.5474]
						},
						"0.9583": {
							"vector": [3.4137, 5.1893, -0.2106]
						},
						"1.0": {
							"vector": [1.6507, 4.2814, -0.2106]
						},
						"1.0833": {
							"vector": [2.37, 3.0827, 2.157]
						},
						"1.25": {
							"vector": [-3.6243, 1.0818, 7.8128]
						}
					}
				},
				"right_wing_three": {
					"rotation": {
						"0.0": {
							"vector": [-3.6243, 0, -58.75]
						},
						"0.25": {
							"vector": [0, 0, -58.75]
						},
						"0.375": {
							"vector": [0, 0, -31.875]
						},
						"0.5": {
							"vector": [0, 0, -5]
						},
						"0.75": {
							"vector": [0, 0, 2.5]
						},
						"1.0": {
							"vector": [0, 0, -7.5]
						},
						"1.25": {
							"vector": [0, 0, -58.75]
						}
					}
				},
				"left_leg": {
					"rotation": {
						"vector": [45, 0, 0]
					}
				},
				"right_leg": {
					"rotation": {
						"vector": [45, 0, 0]
					}
				}
			}
		}
	},
	"geckolib_format_version": 2
}